<?xml version="1.0"?>
<doc>
    <assembly>
        <name>Chloe.SqlServer</name>
    </assembly>
    <members>
        <member name="P:Chloe.SqlServer.MsSqlContext.PagingMode">
            <summary>
            分页模式。
            </summary>
        </member>
        <member name="M:Chloe.SqlServer.MsSqlContext.BulkInsert``1(System.Collections.Generic.List{``0},System.String,System.Nullable{System.Int32},System.Nullable{System.Int32},System.Boolean)">
            <summary>
            利用 SqlBulkCopy 批量插入数据。
            </summary>
            <typeparam name="TEntity"></typeparam>
            <param name="entities"></param>
            <param name="table"></param>
            <param name="batchSize">设置 SqlBulkCopy.BatchSize 的值</param>
            <param name="bulkCopyTimeout">设置 SqlBulkCopy.BulkCopyTimeout 的值</param>
            <param name="keepIdentity">是否保留源自增值。false 由数据库分配自增值</param>
        </member>
        <member name="M:Chloe.SqlServer.PropertyDescriptorExtension.IsTimestamp(Chloe.Descriptors.PrimitivePropertyDescriptor)">
            <summary>
            判断字段是否为 timestamp 类型
            </summary>
            <param name="propertyDescriptor"></param>
            <returns></returns>
        </member>
    </members>
</doc>
